article_id;Loaded Language;Name Calling / Labeling;Repetition;Exaggeration / Minimization;Doubt;Appeal to fear-prejudice;Flag-Waving;Causal Oversimplification;Slogans;Appeal to Authority;Black-and-White Fallacy;Thought-terminating Cliches;Bandwagon,Reductio ad Hitlerum;Whataboutism,Straw_Men,Red_Herring;Verdict_percent
111111111;1;0;1;0;0;1;0;0;0;1;0;0;0;0;30
111111112;1;1;0;1;1;1;1;0;0;1;1;0;0;1;15
111111113;1;1;0;1;1;1;1;1;1;1;0;0;0;1;10
111111114;0;0;0;0;0;0;0;0;0;0;0;0;0;0;5
111111115;0;0;0;0;0;0;0;0;0;0;0;0;0;0;5
111111117;1;0;0;0;0;0;0;0;0;1;0;0;0;0;5
111111121;0;0;0;0;1;0;0;0;0;0;0;0;0;0;5
111111122;1;1;0;1;1;0;0;1;0;1;0;0;0;0;40
111111123;1;0;0;1;1;0;1;1;0;1;1;1;0;1;70
111111124;1;1;0;1;1;1;1;1;0;1;1;0;1;1;75
111111131;1;1;1;1;1;0;1;1;0;0;0;1;1;1;40
111111132;1;1;0;1;0;1;0;1;1;1;1;1;1;0;15
111111133;0;0;0;0;0;0;0;0;0;0;0;0;0;0;5
111111134;0;0;0;0;1;0;0;0;0;0;0;0;0;0;5
111111135;0;0;0;0;0;0;0;0;0;1;0;0;0;0;5
111111136;1;0;0;1;1;1;1;1;0;0;0;0;0;1;10
111111137;0;0;0;0;0;0;0;0;0;0;0;0;0;0;5
694327499;1;1;1;1;1;1;1;1;1;1;1;1;1;1;95
694356862;1;1;1;1;1;1;1;1;1;1;1;0;0;0;95
694811415;1;0;0;0;1;0;0;0;0;1;1;0;0;1;95
695108099;1;0;0;1;1;0;0;0;0;0;1;0;0;1;95
695833178;1;1;1;1;1;1;1;1;0;1;1;0;1;1;95
696246189;1;1;1;0;1;0;1;0;1;0;0;0;1;1;65
696264594;1;1;1;1;1;1;1;1;0;1;1;1;1;1;95
696694316;1;1;1;1;1;1;1;1;0;1;1;0;0;1;95
696735702;1;0;1;1;1;0;0;0;0;1;1;0;0;0;95
697063039;1;0;0;0;0;0;0;0;0;1;0;0;0;0;25
697444415;1;0;1;1;1;1;0;0;0;0;1;0;1;0;95
697454736;1;1;1;1;1;1;1;1;0;1;1;1;1;1;95
697472447;1;0;1;1;1;1;0;0;0;0;1;0;1;1;95
697959084;1;0;1;1;1;1;1;1;0;1;1;1;1;0;95
697996062;1;1;1;1;1;1;0;0;0;1;1;1;0;1;95
698018235;1;1;1;1;1;0;1;0;1;0;1;0;1;1;95
698092698;1;1;1;1;1;0;0;0;0;1;0;0;0;1;90
698503276;1;1;1;1;1;1;1;1;0;1;1;1;1;1;100
698719689;1;0;0;0;0;1;0;0;0;1;0;0;0;0;15
698780559;1;0;1;1;1;0;0;1;0;1;1;0;1;1;95
699142854;1;1;1;1;1;1;1;1;0;0;1;0;0;1;90
699291100;1;1;1;1;1;1;1;1;0;1;1;0;0;1;95
699478811;1;1;1;1;1;1;0;1;0;1;1;1;0;1;95
700387229;1;0;1;1;0;1;0;0;0;1;0;0;0;0;70
700461600;1;1;1;1;1;1;1;0;0;1;1;0;0;0;85
700551604;1;1;1;1;1;0;1;1;0;1;1;1;1;1;95
700662577;1;0;1;1;1;1;1;0;0;1;0;0;1;0;90
701225819;1;1;1;1;1;1;0;0;0;1;1;0;1;0;95
701299732;1;1;1;1;0;1;0;0;0;1;0;0;1;0;75
701447437;1;0;1;1;1;1;0;1;0;1;1;1;0;0;85
701553469;1;1;1;1;0;1;1;1;1;0;1;0;1;1;95
701837665;1;1;1;1;1;0;0;1;0;1;1;1;0;1;95
701933838;1;0;0;0;0;1;0;0;0;1;0;0;0;1;70
701939679;1;0;0;0;1;0;0;1;1;0;0;0;0;1;95
702077434;0;0;0;0;1;0;0;0;0;0;0;0;0;0;10
702077783;1;1;1;1;1;1;1;1;0;1;1;0;0;1;95
702111021;1;1;1;1;1;0;1;0;0;1;1;0;0;1;95
703056647;1;0;1;1;0;1;0;0;0;1;0;0;0;0;85
703698295;1;1;1;1;1;1;1;1;1;1;1;0;1;1;95
703806098;1;0;1;1;1;1;1;1;0;1;1;1;1;1;95
703821117;1;1;1;1;1;1;1;1;0;1;1;1;1;1;95
704591553;1;1;1;1;1;1;1;1;0;1;1;0;1;1;95
704856340;1;1;1;1;1;1;1;0;0;1;1;1;1;0;95
705035735;1;0;1;1;0;1;0;0;0;1;0;0;0;0;90
705409419;1;1;1;1;1;1;1;1;1;1;1;1;1;1;95
706088110;1;1;1;1;1;1;1;1;0;0;1;1;0;1;95
706501640;1;0;1;1;0;1;0;0;0;1;0;0;0;0;90
706600938;1;1;1;1;1;1;1;1;0;1;1;1;0;1;95
706636401;1;0;1;1;1;0;0;1;0;1;1;0;1;0;95
706661242;1;1;0;1;1;0;0;1;0;1;1;0;0;1;95
706777811;1;0;1;1;0;1;0;1;1;1;1;1;0;0;95
707451080;1;1;1;1;1;1;1;1;1;1;1;1;1;1;95
707566605;1;0;1;1;0;1;0;1;0;1;0;0;0;0;85
707772906;1;1;1;1;1;0;1;0;1;1;1;1;1;1;100
708071969;1;0;1;1;0;1;0;0;0;1;1;0;0;0;90
708487008;1;0;1;0;0;1;0;0;0;1;0;0;0;0;35
708561738;1;1;1;1;1;0;1;1;1;1;1;1;1;0;95
709732928;1;1;1;1;1;1;1;1;1;1;1;1;0;1;95
710100700;1;1;0;1;0;1;0;0;0;1;0;0;1;0;85
710376094;1;0;0;1;0;1;0;0;0;1;0;0;0;0;25
711566593;1;1;1;1;1;1;1;1;1;1;1;1;1;1;95
711596363;1;1;1;1;1;1;1;1;1;1;1;1;1;1;95
711622457;1;1;1;1;1;1;1;1;1;1;1;1;1;1;95
711716996;1;1;1;1;1;0;1;1;1;0;1;1;0;1;100
711964584;1;1;1;1;1;1;1;1;0;1;1;1;0;1;100
712382330;1;1;1;1;1;1;1;0;0;1;1;0;0;1;95
713130996;1;1;1;1;1;1;0;1;1;1;1;0;1;1;95
715588833;1;1;1;1;1;1;1;1;1;1;1;0;1;1;95
715790840;1;1;1;1;1;1;1;1;0;1;1;0;0;0;95
716469423;1;0;1;1;1;1;0;1;0;1;1;0;0;1;95
718312499;1;0;1;1;1;1;0;1;0;1;0;0;1;1;95
718595845;1;1;0;1;1;0;0;0;0;1;0;0;0;1;90
721406153;1;1;1;1;1;1;1;1;1;1;1;1;0;1;95
721710340;1;1;1;1;1;1;1;1;0;1;1;0;0;0;95
721890296;1;1;1;1;1;1;1;1;1;1;1;1;1;1;100
722507879;1;1;1;1;1;1;1;1;0;1;1;0;0;1;95
722512241;1;1;1;1;1;1;1;1;1;1;1;1;1;1;100
723501118;1;1;1;1;1;1;0;1;0;0;1;1;0;1;100
723537899;1;1;1;1;1;1;1;0;0;0;1;0;1;0;95
723793978;1;0;0;1;1;1;1;1;0;1;1;1;1;1;95
723823436;1;1;1;1;1;1;0;1;0;1;1;1;0;1;95
723844295;1;0;1;1;1;1;0;1;0;1;0;1;0;0;90
723883127;1;0;1;1;1;0;0;0;0;1;1;0;1;0;95
724095467;1;1;1;1;1;1;0;1;0;1;1;0;0;1;95
724095598;1;0;0;1;1;1;0;1;0;1;0;0;1;1;95
724791253;1;1;1;1;1;1;1;1;0;1;1;0;1;1;95
725238842;0;0;0;0;0;0;0;0;0;0;0;0;0;0;10
725276027;1;1;1;1;1;1;1;1;1;1;1;1;0;1;100
725498022;1;1;1;1;1;1;1;1;1;1;1;0;1;1;95
725731328;1;1;1;1;1;1;1;1;0;1;1;0;1;1;95
725824328;1;1;0;1;1;1;0;1;0;1;0;0;0;1;95
727128296;0;0;0;0;0;0;0;0;0;0;0;0;0;0;0
727174208;0;0;1;1;0;0;0;0;0;0;0;1;0;1;10
727405181;0;0;0;0;0;0;1;0;0;0;0;0;1;0;15
727493378;1;0;1;1;1;1;0;1;1;1;1;1;1;1;95
727497152;1;0;1;1;1;0;0;0;0;1;1;0;0;0;95
727569885;1;1;0;1;1;1;1;1;0;0;1;0;1;1;95
727634031;1;0;0;0;0;0;0;0;0;0;0;0;0;0;5
727658675;1;1;1;1;1;1;1;1;1;1;1;1;1;1;95
727736557;1;1;0;1;1;0;0;0;0;0;0;0;0;0;35
727736595;0;0;0;0;0;0;0;0;0;0;0;0;0;0;5
727869189;1;1;0;1;1;1;1;0;0;1;1;0;1;1;90
728153988;1;1;0;0;0;1;0;1;0;1;0;0;0;0;85
728169864;1;1;1;1;1;1;0;1;0;1;1;0;1;1;95
728343601;1;0;0;0;1;0;0;0;0;1;0;0;0;0;40
728680557;1;1;1;1;0;1;1;0;0;1;1;1;1;0;90
728758697;1;1;1;1;1;0;0;1;0;0;1;1;1;1;95
728972961;1;1;1;1;1;1;1;1;1;1;1;1;1;1;95
729303442;1;1;0;1;1;1;1;1;0;1;1;1;0;1;85
729348908;0;0;0;0;0;0;0;0;0;1;0;0;0;0;5
729368012;1;1;1;1;1;1;1;1;0;1;1;1;0;1;95
729410793;1;1;0;1;1;1;1;0;0;1;1;1;0;1;95
729549972;0;0;0;0;0;0;0;0;0;0;0;0;0;0;0
729561658;0;0;1;0;1;0;0;0;0;1;0;0;0;0;20
729578579;1;1;1;1;1;1;1;1;0;1;1;0;1;1;95
729581752;0;0;0;0;0;0;0;0;0;1;0;0;0;0;0
729651527;1;1;0;0;1;1;1;1;1;1;0;0;1;1;15
729668796;1;1;1;1;0;1;1;1;1;1;1;1;0;1;100
729670169;0;0;0;0;0;0;0;0;0;0;0;0;0;0;0
729700539;0;0;0;0;0;0;0;0;0;1;0;0;0;1;10
729940206;1;1;0;1;1;0;0;1;1;1;1;1;0;1;95
730019938;1;0;0;1;1;0;0;1;0;0;0;0;0;1;95
730036755;0;0;1;0;0;0;0;0;0;0;0;0;0;0;5
730061195;0;0;0;0;0;0;0;0;0;0;0;0;0;0;5
730081389;0;0;0;0;0;0;0;0;0;1;0;0;0;0;0
730093263;1;0;1;1;1;0;0;1;1;0;1;1;0;1;95
730149656;1;1;1;1;1;1;1;0;0;1;1;0;1;1;95
730222442;0;0;0;0;0;0;0;0;0;1;0;0;0;0;5
730237078;0;0;0;0;0;0;0;0;0;1;0;0;0;0;0
730246508;1;1;0;0;0;0;1;0;0;1;0;0;1;0;40
730268758;1;1;1;1;1;1;1;1;0;1;1;1;1;1;95
730269378;1;1;0;0;1;1;0;0;0;1;0;0;0;1;95
730389374;1;1;0;1;1;1;1;0;0;1;1;0;0;0;85
730559808;1;0;1;1;1;1;1;1;1;1;1;1;1;1;95
730573740;1;1;1;1;1;1;1;1;1;1;1;1;1;1;95
730652769;1;1;1;0;0;1;0;0;0;1;0;0;0;0;75
730865684;0;0;0;0;0;0;0;0;0;1;0;0;0;0;5
731063195;0;0;0;0;0;0;0;0;0;0;0;0;0;0;0
731178960;1;0;0;1;0;1;0;0;0;1;0;1;0;0;25
731511020;0;0;0;0;0;0;0;0;0;1;0;0;0;0;0
731513824;1;1;0;1;0;1;1;0;0;1;1;0;0;0;80
731762731;1;0;0;0;1;0;0;0;0;1;0;0;0;0;5
731927633;1;1;1;1;1;1;1;1;1;0;1;0;1;1;90
732154721;1;1;1;1;1;1;1;1;1;1;1;1;1;1;100
732610971;1;1;1;1;0;1;1;1;1;1;1;1;1;0;95
732708002;0;0;0;0;1;0;0;0;0;0;0;0;0;0;10
733754480;0;0;0;0;0;0;0;0;0;0;0;0;0;0;0
734265267;1;1;1;1;0;1;1;1;0;1;1;0;0;0;90
735090638;1;1;1;1;1;1;0;1;1;1;1;1;0;1;95
735265649;1;1;1;1;1;1;1;1;0;1;1;1;0;1;95
735815173;1;1;1;1;1;0;1;0;0;1;1;1;1;1;95
735815503;1;1;0;1;1;1;0;1;0;0;0;0;0;0;95
735855251;1;1;1;1;0;1;0;1;0;1;0;0;0;0;85
736231219;1;1;0;1;1;1;0;1;0;1;1;0;1;1;95
736757214;1;1;1;1;1;1;0;1;0;1;1;0;0;1;95
737194975;1;1;1;1;1;1;1;1;1;1;1;1;1;1;95
737255982;1;1;1;1;1;0;1;1;0;0;1;0;1;1;95
737457870;1;1;1;1;1;0;0;0;0;1;0;0;1;1;95
738028498;1;1;1;1;1;1;0;1;1;1;1;1;0;1;95
738060046;1;1;1;1;1;1;0;1;0;1;1;0;0;1;95
738207834;1;1;1;1;1;1;1;1;1;1;1;1;0;1;95
738361208;1;1;1;1;1;1;0;1;0;1;1;0;0;1;95
738442776;1;0;1;1;1;1;1;0;0;1;1;0;0;0;85
738447109;1;1;1;1;1;1;1;0;0;1;1;1;1;0;95
738542398;1;0;0;0;1;0;0;0;0;1;0;0;0;0;90
738781754;1;0;0;1;1;0;0;0;1;1;0;0;0;1;30
739091070;1;1;1;1;1;1;0;1;0;1;1;0;0;1;95
739140767;1;1;1;1;0;1;0;0;0;1;0;0;0;1;90
740235127;1;0;1;1;1;1;1;1;1;1;1;0;0;1;90
740356006;1;1;1;1;1;0;0;1;0;1;1;1;1;1;95
740808926;1;1;0;1;1;1;0;1;1;1;1;1;0;1;95
741655444;1;1;1;1;1;1;0;1;0;1;1;0;0;1;95
741802985;1;1;1;1;1;1;1;1;0;0;1;1;1;1;95
741896049;1;0;0;0;0;1;1;1;0;1;1;0;0;0;70
741923579;1;1;1;1;1;1;1;1;0;1;1;1;1;1;100
752287274;1;1;1;1;1;1;1;0;0;1;1;1;1;1;95
754111899;0;0;0;0;0;0;0;0;0;1;0;0;0;0;0
754131438;0;0;0;0;0;0;0;0;0;1;0;0;0;0;0
754179642;0;0;0;0;0;0;0;0;0;1;0;0;0;0;0
754231597;0;0;0;0;0;0;0;0;0;1;0;0;0;0;5
754348478;0;0;0;0;0;0;0;0;0;1;0;0;0;0;5
754402671;0;0;0;0;0;0;0;0;0;1;0;0;0;0;0
754508491;0;0;0;0;0;0;0;0;0;1;0;0;0;0;5
755170235;1;1;1;1;1;1;0;1;0;1;1;0;0;0;95
755393220;1;1;1;1;1;1;0;1;0;1;1;0;0;1;95
755459860;1;1;1;1;1;1;1;1;1;1;1;1;0;1;95
755814432;1;1;1;1;1;1;0;1;0;1;1;0;0;1;95
756114837;1;0;0;1;0;1;0;0;0;1;0;0;1;0;75
757171650;1;0;0;1;0;1;0;0;0;1;0;0;0;0;70
757243988;1;1;1;1;1;1;0;1;0;1;1;0;0;1;95
757611486;1;1;1;1;1;1;1;1;0;1;1;0;0;1;95
757713354;1;1;0;1;1;1;0;1;0;1;1;0;0;1;95
757843275;1;0;1;1;1;1;0;1;0;0;1;0;0;1;95
757964238;1;1;1;1;1;0;1;1;0;0;1;1;1;1;95
758385628;0;0;0;0;0;0;0;0;0;0;0;0;0;0;5
758386255;1;1;1;1;1;1;1;1;1;1;1;0;1;1;95
758469195;1;0;1;0;0;0;0;0;0;1;0;0;0;0;25
758472954;1;0;0;0;0;1;0;0;0;1;0;0;0;0;40
758477392;1;0;0;0;0;1;0;0;0;1;0;0;0;0;35
758512204;1;1;1;1;1;1;0;1;0;1;1;0;0;1;95
758669180;1;1;1;0;0;1;0;0;0;1;0;0;0;0;60
758756657;1;1;1;1;1;1;1;1;1;1;1;1;1;1;95
758812201;1;0;1;1;0;1;1;1;0;1;0;0;0;0;90
758882558;0;0;1;1;1;0;0;0;0;1;0;0;0;0;70
759337941;1;1;1;1;1;1;1;1;1;1;1;1;1;1;100
759468687;1;1;1;1;1;1;1;1;1;1;1;0;0;1;100
759478604;1;1;1;1;1;1;1;1;1;1;1;0;1;1;95
761334950;1;1;1;1;1;1;1;1;0;0;1;0;1;1;95
761546223;1;1;1;1;1;1;1;1;0;1;1;0;1;1;100
761564397;1;0;1;1;1;0;0;1;0;1;1;0;0;1;85
761568202;1;0;1;1;1;0;1;1;0;1;1;1;0;1;80
761575506;0;0;1;1;0;0;0;0;0;0;0;1;0;1;10
761610997;1;1;1;1;1;1;1;1;1;1;1;1;1;1;95
761674108;1;1;1;1;1;1;1;1;1;1;1;1;1;1;95
761722669;1;1;1;1;1;0;0;1;0;0;0;1;1;1;85
761780613;1;1;0;1;1;0;0;1;1;0;0;1;0;0;85
761874505;1;0;1;1;1;0;1;1;0;1;1;0;0;1;95
761897089;1;1;1;1;1;0;1;1;0;1;1;0;1;1;100
761955563;1;1;1;1;1;1;1;1;1;1;1;1;1;1;100
761968851;1;1;1;1;1;1;1;1;1;1;1;1;1;1;95
761969038;1;1;1;1;1;1;1;1;1;1;1;0;0;0;95
761969692;1;1;1;1;1;1;1;1;1;1;1;0;0;1;95
762147609;1;1;1;1;1;1;1;1;0;1;1;0;0;0;95
762152527;1;1;1;1;1;0;1;1;1;1;1;0;0;1;95
762160164;1;1;0;1;1;0;0;1;1;1;1;1;0;1;95
762200179;1;0;1;1;1;0;0;1;0;1;1;0;0;1;80
762206044;1;1;1;1;1;1;1;0;0;1;1;1;1;1;100
762340819;1;1;1;1;1;1;1;1;1;1;1;1;0;1;95
762546428;1;1;1;1;1;1;0;1;0;1;1;0;1;1;95
762956953;1;1;0;1;1;0;1;1;0;1;1;0;0;1;95
763114850;1;1;1;1;1;1;0;1;1;0;1;0;0;1;95
763260610;1;1;1;1;1;1;1;1;1;1;1;1;0;1;95
763280007;1;1;1;1;1;1;1;1;1;1;1;1;1;1;100
763412406;1;1;1;1;1;1;1;1;1;1;1;1;1;1;100
763440871;1;1;0;1;0;1;1;1;0;1;1;1;1;1;95
763761219;1;0;0;0;0;1;0;1;0;1;1;1;1;0;75
764518567;1;1;1;1;1;0;0;1;1;1;1;1;0;1;95
764609985;1;1;1;1;1;1;1;1;0;1;1;0;0;1;95
764664283;1;1;1;1;1;1;0;1;0;1;1;0;0;1;95
764715911;1;1;1;1;1;1;1;1;0;0;1;1;1;1;95
765029945;1;1;0;1;1;1;0;1;0;0;1;0;0;1;95
765197039;1;1;1;1;1;1;1;1;0;1;1;0;0;1;95
765385479;1;1;1;1;1;1;1;1;1;1;1;0;1;1;95
765913191;1;1;1;1;1;1;1;1;0;1;1;1;0;1;95
765953146;1;1;1;1;1;1;0;1;1;1;1;1;0;1;95
765982381;1;1;1;1;1;1;1;1;1;1;1;1;1;1;95
766084411;1;1;1;1;1;1;0;1;0;0;1;1;0;1;100
766632016;1;1;1;1;1;1;1;1;1;1;1;1;1;1;100
766942310;1;1;0;1;1;1;0;0;0;1;1;0;0;1;90
767129999;1;1;1;1;1;1;1;1;1;0;1;1;0;1;95
769427494;1;1;1;1;1;1;1;1;1;1;1;0;0;1;100
769682854;1;1;0;0;0;1;1;1;1;1;1;1;1;0;85
769752554;1;1;1;1;0;1;1;1;1;1;1;1;0;0;90
769962236;1;1;1;1;1;1;1;1;0;1;1;0;0;1;95
769962328;1;1;1;1;1;1;1;1;1;1;1;1;0;1;95
770156173;1;1;0;1;1;1;0;1;1;1;1;0;1;1;95
770156851;1;1;1;1;1;1;1;1;0;1;1;1;1;1;95
770221823;1;1;1;1;1;1;1;1;1;1;1;1;0;1;95
770376380;1;1;1;1;1;1;1;1;0;1;1;1;1;1;100
770581969;1;0;1;1;1;1;0;0;0;1;0;0;0;1;85
770877978;1;0;0;1;1;0;0;0;0;1;1;0;1;0;20
770938827;1;1;1;1;1;0;1;1;0;1;1;0;0;1;100
770945799;1;1;1;1;1;0;1;1;0;1;1;0;0;1;95
770956434;1;1;1;1;1;0;0;1;0;1;1;1;1;1;95
771254016;1;1;0;0;1;0;1;0;0;1;0;0;0;0;65
771406408;1;1;1;1;1;1;1;1;0;0;1;1;0;1;95
771546417;1;1;1;0;0;0;1;0;1;1;0;0;1;0;85
771655795;1;1;0;1;0;1;1;1;0;1;1;0;0;1;90
771879020;1;1;1;1;1;0;1;1;0;1;1;0;0;1;95
772836731;1;1;1;1;1;1;1;1;1;1;1;1;0;1;100
772947654;1;1;1;1;1;1;1;1;1;1;1;1;1;1;95
773520636;1;1;1;1;1;1;1;1;1;1;1;1;1;1;95
773650987;1;1;1;1;1;1;1;1;0;1;1;0;0;0;100
773748383;1;1;1;1;1;1;1;1;0;1;1;1;0;1;95
773937361;1;1;1;1;1;1;1;1;1;1;1;1;1;1;95
774007496;1;1;1;1;1;1;1;1;0;0;1;1;1;1;95
774145019;1;1;1;1;1;0;1;1;0;1;1;1;0;1;95
774637726;1;1;1;1;1;0;0;0;1;1;1;1;1;1;95
774904810;1;1;1;1;1;1;0;1;1;1;1;1;0;1;95
775448623;1;1;0;1;1;1;0;1;1;1;1;0;1;0;90
776049384;1;1;1;1;1;1;1;1;1;0;1;0;1;1;100
776126299;1;1;1;1;1;0;1;1;0;1;1;1;1;1;95
776345502;1;1;1;1;1;1;1;1;1;1;1;1;0;1;100
776368676;1;1;1;1;1;1;1;1;1;1;1;1;1;1;90
776373795;1;1;1;1;1;0;1;0;1;1;0;0;0;1;10
776385494;1;1;1;1;1;1;0;1;0;1;0;1;1;1;40
776535164;1;0;0;0;1;0;0;0;0;0;0;0;0;0;25
776616374;1;1;1;1;1;1;0;1;0;1;1;0;0;1;95
777488669;1;1;1;1;1;1;1;1;0;1;1;1;1;1;95
777720051;1;1;0;0;0;1;0;1;0;1;0;0;0;0;85
777785889;1;1;0;1;1;1;0;0;0;1;0;0;0;0;75
777869943;1;1;1;0;1;1;0;0;0;1;0;0;0;0;40
778094905;1;1;1;1;1;1;1;1;0;1;1;1;0;1;95
778139122;1;1;1;1;1;1;1;1;0;1;1;0;1;1;95
778358096;1;1;1;1;1;1;0;1;0;1;1;0;0;1;95
778507244;1;1;1;1;1;1;0;1;0;1;1;1;0;1;95
778664280;1;0;1;1;1;1;1;1;0;1;1;1;0;1;90
778730964;1;1;1;1;1;1;0;1;0;1;1;1;0;1;95
779309765;1;1;1;1;1;1;1;1;0;1;1;1;0;1;100
779394730;1;1;0;1;1;1;1;1;1;1;1;0;0;1;90
780414700;1;1;1;1;1;1;1;1;1;1;1;1;1;1;95
780619695;1;1;1;1;1;1;1;1;1;1;1;1;1;1;100
780786973;1;1;1;1;1;0;0;1;1;1;1;1;0;1;5
780787440;1;0;0;1;1;0;1;0;1;1;0;0;0;0;15
781577820;1;1;0;1;1;0;1;0;0;0;0;0;0;0;25
781672902;1;1;1;1;1;1;1;1;0;1;1;1;1;1;100
781768042;1;1;1;1;1;1;1;1;0;1;1;1;1;1;100
781847297;1;1;0;1;1;0;0;0;0;0;0;0;1;1;5
782017101;1;1;1;1;1;1;1;1;0;1;1;1;1;1;95
782086447;1;1;1;1;1;1;1;1;0;1;1;0;1;1;95
782149032;1;1;1;1;1;1;0;1;0;0;0;0;0;1;100
782149225;1;1;1;1;1;1;1;1;1;1;1;0;0;1;95
782448403;1;1;0;1;1;1;1;1;0;1;1;1;0;0;95
783702663;1;1;1;1;1;1;1;1;0;1;1;0;1;1;95
783774960;1;1;1;1;1;1;1;1;0;0;1;0;0;1;95
784143418;1;1;1;1;1;1;1;1;1;1;1;1;0;1;100
784382409;1;1;1;1;1;1;0;1;0;1;1;0;1;1;100
785331076;1;1;1;1;1;1;0;1;0;0;1;0;0;1;95
785801366;1;1;1;1;1;1;1;1;1;1;1;1;1;1;100
786004130;1;0;1;0;1;0;0;0;0;0;0;0;1;1;75
786250729;1;1;0;1;1;1;0;1;0;1;1;1;1;1;100
786344683;1;1;1;1;1;0;0;1;0;1;1;0;0;1;95
786527921;1;1;1;1;1;1;1;1;1;1;1;0;0;1;95
786731884;1;1;1;1;1;1;1;1;0;1;1;0;1;1;100
786919720;1;1;1;1;1;0;0;1;0;1;1;1;0;1;95
787002327;1;1;1;1;1;1;1;1;0;1;1;1;1;1;100
787085939;1;1;1;1;1;0;0;1;0;1;1;0;1;1;95
787142429;1;0;0;1;1;0;0;1;0;1;1;1;1;1;75
787529309;1;1;1;1;1;0;0;1;0;1;1;0;1;1;100
787668628;1;1;0;1;1;1;1;1;0;1;1;0;0;1;90
787730392;1;1;1;1;1;1;1;1;0;1;1;0;0;1;95
787759779;1;1;0;0;1;0;0;1;0;0;0;1;1;1;95
787955075;1;1;0;0;1;1;1;0;0;1;0;0;0;0;85
787966255;1;1;1;1;1;1;0;1;0;1;1;0;0;1;95
788056108;1;1;1;1;1;1;1;1;1;1;1;0;1;1;95
788173482;1;1;1;1;1;1;1;1;1;1;1;1;1;1;95
788271400;1;1;1;1;1;0;0;1;0;0;1;0;0;1;95
788273361;1;0;1;0;1;0;0;0;0;1;0;0;0;1;95
788626289;1;1;1;1;1;0;0;1;0;1;1;1;1;1;95
788726416;1;1;1;1;1;1;1;1;1;0;1;1;0;1;95
788816478;1;1;1;1;1;1;0;1;0;1;1;1;0;1;95
788847916;1;1;1;1;1;0;0;0;0;1;1;0;0;1;95
788900262;1;1;1;1;1;1;1;1;0;1;1;1;1;1;95
789121265;1;1;1;1;1;0;0;1;0;1;1;1;0;1;95
789121798;1;1;1;1;1;1;1;1;1;1;1;1;1;1;95
789370909;1;1;1;1;1;1;1;1;1;0;1;1;0;1;95
789370998;1;1;1;1;1;1;1;1;1;1;1;1;1;1;95
789454337;1;1;1;1;1;1;0;1;1;1;1;1;0;1;95
789512681;1;1;1;1;1;1;0;1;0;1;1;0;1;1;100
789615291;1;1;1;1;1;1;1;1;1;1;1;1;1;1;95
789753303;1;0;1;1;1;0;0;1;0;1;1;0;1;1;90
790266787;1;1;1;1;1;1;0;1;0;1;1;1;1;1;95
790483991;1;1;1;1;1;1;1;1;0;1;1;1;0;1;95
790499380;1;1;1;1;1;0;1;0;0;1;1;0;0;1;95
790665855;1;1;1;1;1;1;1;1;1;1;1;0;1;1;100
790666929;1;1;1;1;1;0;0;1;0;0;1;0;0;1;95
790667730;1;1;1;1;0;1;1;1;1;1;1;0;1;1;95
790677230;1;1;1;1;1;1;1;1;1;1;1;0;1;1;95
790720480;1;1;1;1;1;0;0;1;0;0;1;1;0;1;95
790720714;1;1;1;1;1;0;0;1;0;1;1;0;0;1;100
790777028;1;1;1;1;1;0;0;1;0;1;1;1;0;1;95
793467906;1;1;1;1;1;1;1;1;1;0;1;1;1;1;100
793534424;1;1;1;1;1;1;1;1;1;1;1;1;1;1;100
793921939;1;1;1;1;1;1;1;1;1;1;1;1;0;1;95
794141509;1;1;1;1;1;1;1;1;1;1;1;1;0;1;95
794344513;1;1;1;1;1;1;0;1;0;1;1;0;1;1;95
795079843;0;0;0;0;0;0;0;0;0;0;0;0;0;0;5
795379208;1;1;1;1;1;1;1;1;0;1;1;1;0;1;10
795689901;1;1;1;1;1;1;0;1;0;0;1;0;0;1;90
795691173;0;0;0;0;0;0;0;0;0;0;0;0;0;0;5
795693029;1;1;1;1;1;1;1;1;1;1;1;1;0;1;95
795703371;1;1;1;1;1;1;1;1;1;1;1;1;0;1;95
798244842;1;1;1;1;1;1;1;1;1;1;1;1;1;1;95
832908730;1;1;0;0;0;0;0;0;0;1;0;0;0;0;10
832908905;1;1;0;1;1;1;1;1;0;1;0;1;0;0;15
832908978;1;1;1;0;1;0;0;0;0;0;0;0;0;0;10
832910505;1;1;1;1;1;0;0;1;1;0;1;1;0;1;95
832913316;1;0;1;0;1;1;1;0;1;1;1;0;1;0;20
832913653;1;0;1;0;0;0;1;0;1;0;0;0;1;0;70
832916492;1;0;1;1;0;0;0;0;0;1;0;1;0;0;90
832916508;1;0;0;0;1;1;0;0;1;0;1;0;1;0;20
832917532;0;0;0;0;0;1;1;0;0;1;0;0;0;0;10
832917778;0;0;1;0;0;0;0;0;0;1;0;0;0;0;5
999000124;0;0;0;0;0;0;0;0;0;1;0;1;0;1;5
999000125;0;0;0;0;0;0;0;0;0;0;0;0;0;0;5
999000133;1;1;1;1;1;1;0;1;1;1;1;0;0;1;100
999000135;1;1;1;1;1;1;1;1;0;0;1;1;0;1;100
999000136;1;1;1;1;1;1;1;1;0;1;1;1;1;1;100
999000142;1;1;1;1;1;1;1;0;0;0;1;0;0;1;95
999000145;1;1;1;1;1;1;1;1;1;1;1;1;1;1;95
999000147;1;1;1;1;1;1;1;0;0;1;1;0;0;1;95
999000149;1;1;1;1;1;1;0;1;0;1;1;0;0;1;95
999000154;1;1;1;1;1;1;0;1;0;1;1;0;0;1;100
999000155;1;1;1;1;1;1;1;1;0;1;1;1;0;1;95
999000158;1;1;1;1;1;1;0;1;0;1;1;1;1;1;95
999000159;1;1;1;1;0;1;1;0;0;1;1;0;1;1;95
999000184;1;1;1;1;1;1;1;1;0;1;1;0;0;1;100
999000312;1;1;1;1;1;1;1;1;1;1;1;1;0;1;95
999000565;1;1;1;1;0;0;0;0;0;0;0;0;0;1;95
999000599;1;1;0;1;1;0;0;0;0;1;1;0;0;1;95
999000675;1;1;1;1;1;1;1;0;1;1;1;0;0;0;100
999000849;1;1;1;1;1;1;0;1;0;1;0;0;1;1;95
999000851;1;1;1;1;1;0;0;1;0;0;1;1;0;1;95
999000858;1;1;1;1;1;1;1;0;0;1;1;1;1;1;95
999000870;1;1;1;1;0;1;1;0;1;1;1;0;0;1;95
999000874;1;1;1;1;1;1;0;1;0;1;1;1;1;1;95
999000878;1;1;1;1;0;0;0;1;0;1;1;1;1;0;95
999000880;1;1;1;1;0;1;1;1;0;1;1;1;0;1;95
999000894;1;1;1;1;1;1;1;1;0;1;1;0;0;1;95
999001032;1;1;1;1;1;1;0;1;1;1;1;1;1;1;95
999001033;1;1;1;1;1;0;0;1;1;1;1;0;0;0;95
999001188;1;1;1;1;1;1;1;1;1;1;1;1;1;1;100
999001211;1;1;1;1;1;1;1;0;0;0;1;0;0;0;95
999001226;1;1;1;1;1;1;0;1;0;1;1;0;0;1;95
999001241;1;1;1;1;1;1;1;0;0;1;1;0;0;1;95
999001256;1;1;1;1;1;0;0;1;0;0;0;1;0;1;95
999001259;1;1;1;1;1;0;0;1;1;0;1;1;0;1;95
999001280;1;1;1;1;1;0;0;1;0;1;1;1;1;1;100
999001287;1;0;1;1;1;1;0;0;0;1;1;0;0;1;90
999001290;1;1;1;1;1;0;0;1;0;0;1;0;0;1;95
999001293;1;1;1;1;1;1;1;1;0;1;1;1;0;1;100
999001296;1;1;1;1;1;1;1;1;0;1;1;1;0;1;95
999001297;1;1;1;1;0;1;1;1;1;1;1;1;0;1;95
999001299;1;1;1;1;1;0;0;1;0;1;1;1;0;1;95
999001323;1;0;0;0;0;0;1;0;0;1;0;0;1;0;10
999001419;1;1;0;1;1;0;0;1;0;1;0;0;0;1;90
999001619;1;1;1;1;1;1;1;1;0;1;1;0;1;1;95
999001621;1;1;1;1;1;1;0;1;0;1;1;0;1;1;90
999001970;1;1;0;1;0;0;0;1;1;0;1;1;1;1;95
