article_id;Appeal to Authority;Appeal to fear-prejudice;Bandwagon,Reductio ad Hitlerum;Black-and-White Fallacy;Causal Oversimplification;Doubt;Exaggeration / Minimization;Flag-Waving;Loaded Language;Name Calling / Labeling;Repetition;Slogans;Thought-terminating Cliches;Whataboutism,Straw_Men,Red_Herring
111111111;1;1;0;0;0;1;0;0;0;0;1;0;0;0
111111112;0;0;0;1;0;0;0;1;1;1;0;1;0;0
111111113;0;0;0;0;1;0;0;0;1;1;0;1;0;1
111111114;0;1;0;0;0;0;0;0;0;0;0;0;0;0
111111115;1;0;0;0;0;0;0;0;1;0;0;0;0;0
111111117;0;0;0;0;1;0;0;0;0;0;0;0;0;0
111111121;0;0;0;0;0;0;0;0;0;0;0;0;0;0
111111122;1;0;0;0;1;1;1;0;1;1;0;0;0;0
111111123;0;0;0;0;0;0;0;0;1;0;0;0;0;0
111111124;0;0;0;0;1;1;1;0;1;1;0;0;0;0
111111131;0;0;0;1;0;0;1;1;1;1;1;1;0;0
111111132;0;1;0;1;0;0;0;0;1;1;0;1;0;1
111111133;0;0;0;1;0;0;0;0;1;1;0;0;0;0
111111134;0;0;0;0;0;0;1;0;0;1;1;0;0;0
111111135;1;0;1;0;1;1;1;0;1;1;1;0;0;0
111111136;0;0;0;0;0;0;0;1;1;0;0;0;0;0
111111137;0;0;0;0;0;0;1;0;1;0;0;0;0;0
694327499;0;1;0;0;1;0;0;0;1;1;0;0;1;0
694356862;0;1;0;0;1;1;1;1;1;0;0;0;0;0
694811415;1;0;1;1;0;1;0;0;0;0;0;0;1;0
695108099;0;0;0;0;0;0;0;0;0;0;0;0;0;0
695833178;1;0;0;0;0;1;0;1;0;1;1;0;0;0
696246189;0;0;0;0;0;0;0;0;0;0;1;0;0;1
696264594;0;1;1;1;0;0;0;1;1;1;1;0;1;0
696694316;0;1;1;1;0;0;0;0;1;0;0;0;1;0
696735702;0;0;0;0;0;1;0;0;0;0;0;0;0;0
697063039;0;0;0;0;0;0;1;1;1;1;0;0;1;0
697444415;0;0;0;0;0;1;0;0;1;0;0;0;0;1
697454736;1;1;0;1;0;1;0;0;1;1;0;0;1;1
697472447;0;0;0;0;0;1;0;0;0;0;0;0;0;0
697959084;0;0;0;0;0;1;0;1;1;0;1;0;1;0
697996062;0;0;0;0;0;0;1;0;0;1;0;0;0;0
698018235;1;1;1;1;0;0;0;0;1;1;1;0;0;0
698092698;0;0;0;0;0;1;0;0;0;1;1;0;0;0
698503276;0;1;1;0;0;0;0;1;1;0;1;1;0;1
698719689;0;1;1;0;0;0;0;0;1;1;0;0;0;0
698780559;0;0;0;0;0;1;0;0;1;0;1;0;0;0
699142854;0;1;0;0;1;1;0;1;1;1;1;0;0;0
699291100;0;0;0;0;0;0;0;0;1;0;1;0;0;0
699478811;0;1;1;0;1;0;0;0;1;0;1;0;1;0
700387229;1;1;0;0;0;0;0;0;1;0;1;0;0;0
700461600;0;1;1;1;0;1;1;1;0;1;0;0;0;1
700551604;0;0;1;0;1;1;1;1;1;1;0;0;0;0
700662577;0;1;0;0;0;0;1;1;1;0;0;0;0;0
701225819;0;1;0;0;0;0;0;0;1;1;1;1;0;0
701299732;1;1;0;0;0;0;0;0;0;1;0;0;0;0
701447437;1;1;0;0;1;1;1;0;1;1;0;0;0;0
701553469;0;1;0;0;1;1;1;0;1;1;0;1;0;0
701837665;1;1;0;0;1;1;1;1;1;1;1;0;1;1
701933838;0;1;0;0;0;0;0;0;0;0;0;0;0;0
701939679;0;0;0;0;0;1;0;0;0;1;1;0;0;0
702077434;0;0;0;0;0;0;1;0;1;0;1;0;1;0
702077783;0;0;0;0;0;1;0;1;1;1;0;0;0;0
702111021;1;0;0;1;0;0;0;0;1;1;1;0;0;0
703056647;1;1;0;0;1;1;1;0;1;1;1;0;0;0
703698295;0;1;0;1;1;0;1;0;1;1;1;0;0;0
703806098;0;0;0;0;0;1;0;0;1;0;0;0;0;0
703821117;1;1;1;0;1;1;1;1;1;1;1;0;1;1
704591553;0;1;1;0;0;1;1;0;1;1;1;1;0;0
704856340;0;0;0;0;0;1;0;1;1;0;0;0;0;0
705035735;1;1;0;0;0;0;0;0;1;1;0;0;0;0
705409419;0;0;0;0;1;1;0;0;1;1;0;0;0;0
706088110;0;0;0;1;1;0;0;0;0;0;1;0;0;1
706501640;1;1;0;0;0;0;0;0;1;0;1;0;0;0
706600938;1;0;0;0;0;1;0;0;1;1;0;0;1;0
706636401;0;0;0;0;0;1;0;0;1;0;0;0;0;0
706661242;0;0;0;0;0;0;0;0;0;1;0;0;0;0
706777811;1;1;0;0;0;0;0;0;1;1;1;0;0;0
707451080;0;1;0;0;0;0;1;1;1;1;1;1;0;0
707566605;1;1;0;0;0;0;1;0;0;1;1;0;0;0
707772906;0;1;0;1;0;0;1;0;1;1;0;1;0;1
708071969;1;1;0;0;1;0;0;0;1;1;1;0;0;0
708487008;1;1;0;0;0;0;0;0;0;1;1;0;0;0
708561738;0;1;0;0;1;0;1;1;1;1;0;1;0;0
709732928;0;0;0;0;0;0;0;1;1;1;1;0;0;0
710100700;0;1;0;0;0;0;0;0;0;0;0;0;0;0
710376094;0;0;0;0;0;0;0;0;1;0;1;0;0;0
711566593;1;1;0;1;0;1;1;0;1;0;1;1;1;1
711596363;0;1;0;0;1;0;1;1;1;0;0;0;0;0
711622457;0;1;0;1;1;1;0;1;1;0;0;0;1;1
711716996;0;0;0;0;1;0;1;0;1;1;1;0;0;1
711964584;0;1;0;1;1;1;0;1;1;0;0;0;0;1
712382330;1;0;0;0;0;0;0;0;1;0;0;0;0;0
713130996;1;0;1;0;1;0;1;0;1;1;0;1;0;0
715588833;0;1;0;1;0;1;1;1;1;1;1;0;1;1
715790840;1;0;0;0;0;0;0;0;1;0;0;0;0;0
716469423;1;0;0;0;0;0;0;0;1;0;0;0;0;1
718312499;0;0;0;0;0;1;0;0;0;0;0;0;0;0
718595845;0;1;0;0;0;1;0;0;1;0;0;0;0;1
721406153;0;1;0;1;1;1;0;0;1;1;1;0;0;0
721710340;1;0;0;0;0;0;0;1;0;1;1;0;0;0
721890296;1;1;0;1;0;0;1;1;1;1;1;0;1;0
722507879;0;1;0;0;0;0;0;1;1;0;0;0;0;1
722512241;0;1;1;1;0;1;1;0;1;1;0;0;0;1
723501118;0;0;0;0;0;1;1;0;1;0;0;0;1;0
723537899;0;1;0;0;1;1;0;0;1;1;0;0;0;0
723793978;0;0;0;0;0;0;1;0;0;0;1;0;1;0
723823436;0;0;0;0;0;1;0;0;0;0;1;0;1;0
723844295;0;0;0;0;1;1;0;1;1;0;1;0;0;0
723883127;0;0;0;0;0;0;0;0;1;1;1;0;0;0
724095467;0;0;0;0;0;1;1;0;1;0;0;0;0;0
724095598;0;0;0;0;1;1;0;0;1;0;0;0;0;0
724791253;1;1;1;1;0;0;1;0;1;1;0;0;0;1
725238842;0;0;0;0;0;0;0;0;0;0;0;0;0;0
725276027;0;1;1;0;1;0;0;0;1;1;1;0;1;0
725498022;0;1;0;0;0;1;1;0;1;1;0;1;1;1
725731328;0;1;1;0;0;1;1;1;1;0;1;1;1;1
725824328;0;1;0;0;0;1;0;0;1;1;1;0;0;0
727128296;0;0;0;0;0;0;0;0;1;0;0;0;0;0
727174208;0;0;0;0;0;0;1;0;0;0;0;0;0;0
727405181;0;0;0;0;0;0;0;0;1;0;0;0;0;0
727493378;0;0;0;0;0;1;0;0;1;0;0;0;1;0
727497152;0;0;0;0;0;1;0;0;1;0;0;0;0;0
727569885;0;0;1;0;0;0;0;1;1;1;0;0;0;0
727634031;0;1;0;0;0;1;0;0;1;0;0;0;1;0
727658675;1;1;0;1;1;0;1;0;1;0;0;0;0;0
727736557;0;0;0;0;1;1;1;0;1;1;1;0;1;0
727736595;0;0;0;0;0;0;1;0;0;0;0;0;0;0
727869189;0;1;0;0;1;1;0;0;1;0;0;0;1;0
728153988;0;0;0;0;0;0;0;0;0;0;0;0;0;0
728169864;0;0;0;1;0;1;0;0;1;1;0;1;0;0
728343601;0;1;0;0;0;0;0;0;1;1;0;0;0;0
728680557;0;0;0;0;0;0;0;0;1;0;0;0;0;0
728758697;1;0;1;0;1;1;0;1;0;1;0;0;1;1
728972961;1;1;0;1;1;1;0;1;1;1;1;1;1;0
729303442;0;0;0;0;1;1;1;0;1;1;0;0;0;0
729348908;0;1;0;0;0;1;1;1;0;1;0;0;0;0
729368012;0;0;0;0;0;1;0;0;1;1;0;0;0;0
729410793;1;1;0;1;1;0;1;0;1;0;0;0;1;0
729549972;0;0;0;0;0;0;1;0;1;1;1;0;0;0
729561658;0;0;0;0;0;1;0;0;0;0;1;0;1;0
729578579;1;1;0;0;0;1;1;0;1;1;1;0;1;0
729581752;1;0;0;0;0;0;0;0;0;0;0;0;1;0
729651527;0;1;0;0;0;1;1;0;1;0;0;1;0;1
729668796;0;1;0;1;0;0;0;1;1;1;1;1;1;0
729670169;0;0;0;0;0;0;0;0;1;1;0;0;0;0
729700539;0;0;0;0;0;0;0;0;0;0;0;0;0;0
729940206;0;0;0;0;0;1;1;0;1;1;1;0;1;0
730019938;0;0;0;0;0;0;0;0;1;0;0;0;0;1
730036755;0;0;0;0;0;0;0;0;0;0;0;0;0;0
730061195;0;0;0;0;0;0;0;0;0;0;0;0;0;0
730081389;0;0;0;0;0;0;0;0;0;0;0;0;0;0
730093263;0;0;0;0;0;0;0;1;1;0;0;0;0;1
730149656;0;1;0;1;1;0;0;1;1;1;1;1;0;0
730222442;0;0;0;0;0;0;0;0;1;0;1;0;0;0
730237078;0;0;0;0;0;0;1;0;1;0;0;0;1;0
730246508;0;0;0;0;0;0;0;1;1;0;0;0;0;0
730268758;0;0;1;0;0;0;1;0;1;1;1;0;0;0
730269378;0;0;0;0;1;0;0;0;0;0;0;0;0;1
730389374;0;0;0;1;0;1;0;1;1;1;0;0;0;0
730559808;1;1;1;1;1;0;1;0;1;0;1;0;1;0
730573740;1;0;0;1;0;0;0;0;1;1;0;0;0;0
730652769;0;0;0;0;0;0;0;0;0;0;0;0;0;0
730865684;0;0;0;0;0;0;0;0;1;0;0;0;0;0
731063195;0;0;0;0;0;0;0;0;1;0;0;0;0;0
731178960;0;1;0;0;0;0;0;0;0;0;0;0;0;0
731511020;0;0;0;0;0;0;0;0;1;0;0;0;0;0
731513824;1;0;0;0;0;0;0;0;1;0;0;0;0;0
731762731;0;0;0;0;1;1;0;0;1;1;0;0;0;0
731927633;0;1;1;0;0;0;0;1;1;1;0;1;0;0
732154721;0;1;1;0;0;0;0;1;0;1;0;1;0;0
732610971;0;1;1;1;0;0;0;1;1;1;1;1;0;0
732708002;0;0;0;0;0;1;0;0;1;1;1;0;0;0
733754480;1;0;0;0;0;0;0;0;0;0;0;0;0;0
734265267;0;0;0;0;0;0;0;1;0;0;1;0;0;0
735090638;1;0;0;0;0;0;1;0;1;1;0;0;0;1
735265649;1;1;0;0;0;0;1;1;1;0;0;0;0;1
735815173;0;0;1;1;1;0;0;0;1;0;1;0;1;0
735815503;0;0;0;0;0;0;0;0;1;1;0;0;0;0
735855251;0;0;0;0;0;0;1;0;0;0;1;0;0;0
736231219;0;0;1;0;0;0;1;0;1;1;0;1;0;1
736757214;0;0;0;0;0;0;1;0;1;1;0;0;0;1
737194975;0;0;1;0;1;1;1;1;1;1;1;1;1;1
737255982;0;0;0;1;0;1;1;0;1;1;0;1;0;0
737457870;0;0;0;0;1;1;0;0;1;1;0;0;0;1
738028498;1;1;0;0;0;1;0;0;1;0;0;0;0;0
738060046;1;1;0;1;1;0;0;0;1;1;0;0;0;1
738207834;0;1;0;0;0;1;0;0;1;1;1;0;1;0
738361208;1;1;0;0;1;1;1;1;1;1;0;1;1;1
738442776;1;0;0;0;0;0;0;1;1;0;0;0;0;0
738447109;1;1;1;0;1;1;1;1;1;1;0;1;1;0
738542398;0;0;0;0;0;0;1;0;1;1;0;0;0;0
738781754;1;0;0;0;0;1;1;0;1;0;0;0;0;0
739091070;1;0;0;0;0;0;0;0;1;0;0;0;0;0
739140767;0;0;0;0;0;0;0;0;1;0;0;0;0;0
740235127;1;1;0;0;1;1;1;1;0;0;0;1;1;1
740356006;1;0;0;0;0;1;1;0;1;1;0;1;1;1
740808926;1;0;0;0;0;0;0;0;1;1;0;0;0;0
741655444;0;1;0;0;0;1;1;0;1;1;1;0;0;0
741802985;0;1;1;0;0;1;0;0;1;0;0;0;0;0
741896049;1;0;0;0;0;0;1;1;0;0;1;0;0;0
741923579;0;1;1;0;1;1;0;0;1;0;0;1;0;0
752287274;0;1;0;0;0;1;1;0;1;1;0;0;1;0
754111899;0;0;0;0;0;0;0;0;1;0;0;0;0;0
754131438;0;1;0;0;0;0;0;0;0;0;0;0;0;0
754179642;0;1;0;0;0;0;0;0;0;0;0;0;0;0
754231597;0;1;0;0;0;0;0;0;0;0;0;0;0;0
754348478;0;0;0;0;0;0;0;0;0;0;0;0;0;0
754402671;0;1;0;0;0;0;0;0;0;0;0;0;0;0
754508491;0;0;0;0;0;0;0;0;0;0;0;0;0;0
755170235;0;1;0;1;0;0;0;0;1;1;0;0;0;0
755393220;0;0;0;0;0;1;0;0;1;1;0;1;0;0
755459860;1;1;0;1;0;0;0;1;1;1;1;0;0;0
755814432;0;1;0;0;0;1;0;1;1;0;0;0;0;0
756114837;0;0;0;0;0;0;0;0;1;0;0;0;0;0
757171650;0;1;0;0;0;0;0;0;1;0;1;0;0;0
757243988;0;0;0;0;0;0;1;0;1;0;1;0;0;0
757611486;0;0;0;0;0;0;0;0;1;1;1;0;0;1
757713354;0;0;0;0;0;1;1;0;1;1;0;0;1;0
757843275;0;1;0;1;0;0;0;0;1;0;0;0;0;1
757964238;1;0;0;0;1;0;1;0;1;1;1;0;0;0
758385628;0;0;0;0;0;0;0;0;0;0;0;0;0;0
758386255;0;0;1;1;0;0;1;0;1;1;1;0;0;1
758469195;0;0;0;0;0;0;0;0;0;0;0;0;0;0
758472954;0;1;0;0;0;0;0;0;0;0;0;0;0;0
758477392;0;0;0;0;0;0;0;0;0;0;1;0;0;0
758512204;0;1;0;0;0;1;1;0;1;1;1;0;1;0
758669180;0;0;0;0;0;0;0;0;0;0;0;0;0;0
758756657;0;1;0;0;1;1;1;1;1;0;1;1;0;0
758812201;0;0;0;0;0;0;0;0;1;0;0;0;0;0
758882558;0;0;0;0;0;0;0;0;0;0;0;0;0;0
759337941;0;0;0;0;0;1;1;0;1;1;1;0;0;0
759468687;0;1;0;0;1;0;0;1;1;1;1;0;0;1
759478604;0;1;0;1;0;0;1;0;1;1;1;0;0;0
761334950;0;0;0;0;0;1;1;0;1;0;1;0;0;0
761546223;0;1;0;0;0;0;0;0;1;1;1;1;0;0
761564397;0;0;0;0;1;0;0;1;0;0;0;0;0;0
761568202;0;0;0;0;0;0;0;1;1;0;0;0;0;0
761575506;0;0;0;0;0;0;0;1;0;0;0;1;0;0
761610997;0;0;0;1;1;0;1;1;1;1;0;1;0;0
761674108;0;0;0;1;1;1;1;1;1;1;1;1;1;1
761722669;0;0;0;0;0;0;0;1;1;1;0;0;0;0
761780613;0;0;0;0;0;0;0;0;1;0;0;1;0;0
761874505;0;0;0;0;1;0;1;0;1;0;1;0;0;1
761897089;0;0;0;0;1;0;0;1;1;1;0;0;0;1
761955563;0;1;1;1;0;0;1;0;1;0;1;1;1;0
761968851;0;0;0;0;1;0;0;1;1;1;1;0;0;0
761969038;0;0;0;0;1;1;0;0;1;0;1;0;1;0
761969692;0;0;0;1;0;0;1;1;1;1;0;0;0;0
762147609;0;1;0;0;0;0;1;1;1;1;1;0;0;0
762152527;0;0;0;0;0;1;0;1;1;0;0;0;0;1
762160164;0;0;0;0;0;1;1;0;1;1;1;0;0;0
762200179;0;0;0;0;0;0;1;1;1;0;1;0;0;0
762206044;0;0;0;0;0;1;1;0;1;1;0;0;0;1
762340819;0;1;0;0;0;0;1;1;1;1;1;1;0;0
762546428;0;0;0;0;1;0;1;1;1;1;1;0;0;0
762956953;0;0;0;0;0;0;1;0;0;0;0;0;0;0
763114850;0;1;0;0;0;1;0;0;1;1;1;0;0;0
763260610;1;1;0;0;0;0;1;1;1;1;1;0;0;1
763280007;0;1;0;1;0;0;1;1;1;1;1;1;0;1
763412406;0;1;0;1;0;0;1;1;1;1;1;1;0;1
763440871;0;0;0;1;0;0;1;0;1;1;1;1;0;0
763761219;0;0;0;0;0;0;0;1;0;0;1;1;0;0
764518567;0;0;0;0;0;1;1;0;1;0;1;0;0;0
764609985;1;0;0;0;0;1;0;1;1;1;1;0;0;0
764664283;0;1;1;1;1;1;1;0;1;1;1;0;0;1
764715911;0;0;0;1;1;1;0;1;1;1;1;0;0;1
765029945;0;1;1;1;1;0;1;0;1;1;1;0;0;0
765197039;1;1;0;0;1;1;1;0;1;1;1;0;1;1
765385479;0;1;1;0;1;1;1;1;1;1;1;0;0;1
765913191;0;0;0;1;0;1;1;1;1;1;1;1;0;0
765953146;0;0;0;0;0;0;0;0;1;0;1;0;0;0
765982381;0;0;1;0;1;1;1;0;1;1;1;1;1;1
766084411;0;0;0;0;0;1;0;0;1;1;1;0;0;0
766632016;1;1;0;0;1;1;1;0;1;0;1;0;0;1
766942310;0;1;0;0;0;1;1;1;1;1;0;1;0;0
767129999;0;0;0;0;0;0;0;1;1;0;0;1;0;1
769427494;0;0;0;0;0;1;0;1;1;1;0;0;0;0
769682854;0;0;0;0;0;0;1;0;1;1;0;1;0;0
769752554;0;0;0;0;0;0;1;1;1;1;1;1;0;0
769962236;0;0;0;0;0;0;1;1;1;1;0;1;0;0
769962328;0;1;0;1;1;1;1;1;1;1;1;1;0;0
770156173;0;1;0;0;0;0;1;1;1;1;1;1;0;1
770156851;0;0;0;1;0;1;0;1;1;1;1;0;1;0
770221823;0;1;0;0;0;0;0;0;1;1;0;0;0;0
770376380;0;1;0;0;1;1;1;0;1;1;1;0;0;0
770581969;0;0;0;0;0;0;0;0;1;0;1;0;0;0
770877978;0;0;0;1;0;0;0;1;0;1;0;1;0;0
770938827;0;0;0;1;1;0;1;1;1;1;1;0;0;0
770945799;0;0;0;0;0;0;0;1;1;0;0;0;0;0
770956434;0;0;0;0;0;0;1;0;1;1;0;0;0;0
771254016;0;0;0;0;0;0;0;0;1;1;0;0;0;0
771406408;0;0;0;0;0;0;1;0;1;1;1;0;0;1
771546417;0;0;0;0;0;0;0;0;1;1;1;1;0;0
771655795;0;1;0;0;1;0;1;0;1;1;0;0;1;1
771879020;1;0;0;0;1;1;1;1;1;1;0;0;1;0
772836731;0;0;0;1;1;0;1;1;1;1;1;0;1;1
772947654;0;0;0;1;1;0;1;1;1;1;1;1;0;1
773520636;1;1;0;1;0;1;0;1;1;1;1;1;0;0
773650987;0;1;0;1;1;1;1;1;1;1;1;0;1;0
773748383;0;0;0;0;0;1;1;0;1;1;0;0;0;0
773937361;0;1;0;0;0;0;0;1;1;1;0;1;1;0
774007496;0;0;0;0;0;1;0;0;1;1;1;1;1;0
774145019;0;0;0;0;0;1;1;1;1;0;1;0;0;0
774637726;0;0;0;0;0;0;0;0;1;1;1;0;0;0
774904810;0;0;0;0;0;0;1;1;1;1;0;0;0;0
775448623;0;1;1;0;0;1;0;0;1;1;0;0;0;0
776049384;0;1;0;0;0;0;1;0;1;1;1;1;0;0
776126299;0;0;0;0;0;1;1;1;1;1;0;0;0;1
776345502;1;0;0;0;1;1;1;1;1;1;1;0;0;0
776368676;0;0;0;0;0;0;1;1;1;1;1;1;0;0
776373795;1;0;0;0;0;1;1;1;1;1;0;0;0;0
776385494;0;1;0;0;0;0;0;0;1;0;1;0;0;0
776535164;0;0;0;0;0;0;0;0;1;0;0;0;0;0
776616374;0;0;0;0;0;0;1;1;1;1;0;0;0;0
777488669;0;1;0;1;1;1;1;0;1;1;1;1;1;0
777720051;0;0;0;0;0;0;1;0;1;1;0;0;0;0
777785889;0;0;0;0;0;0;1;0;1;1;0;0;0;0
777869943;0;0;0;0;0;1;1;0;1;1;0;0;0;0
778094905;0;1;0;0;0;1;0;1;1;1;0;0;0;1
778139122;0;1;1;0;1;1;1;1;1;1;0;1;0;1
778358096;0;1;1;0;1;0;1;0;1;1;0;0;1;0
778507244;0;0;1;0;0;0;1;0;1;1;0;0;0;0
778664280;0;1;0;0;1;1;1;1;1;1;0;1;1;0
778730964;0;0;1;0;1;1;1;0;1;1;0;1;0;0
779309765;0;1;0;0;1;1;1;0;1;1;1;0;0;1
779394730;1;0;0;0;0;1;1;0;1;1;0;0;0;0
780414700;0;1;1;1;1;1;1;0;1;1;1;1;0;0
780619695;0;1;0;0;0;0;1;0;1;1;1;1;0;0
780786973;0;0;0;0;1;1;1;0;1;1;0;0;0;1
780787440;1;1;0;0;0;1;1;0;1;1;0;0;0;0
781577820;0;0;0;0;0;1;1;1;1;1;0;0;0;0
781672902;1;1;0;0;0;1;1;1;1;1;1;0;1;0
781768042;0;1;0;0;1;1;0;1;1;1;1;0;0;0
781847297;0;0;0;0;0;1;1;0;1;1;0;0;0;1
782017101;0;0;0;1;1;0;0;0;1;1;1;1;0;0
782086447;0;1;0;0;0;0;1;0;1;1;1;1;0;0
782149032;0;0;0;0;1;1;1;0;1;1;0;0;0;0
782149225;0;1;1;0;0;0;0;1;1;1;0;0;0;0
782448403;0;0;0;0;0;1;0;1;1;1;1;0;0;0
783702663;1;1;1;1;1;1;1;0;1;1;1;1;1;1
783774960;0;0;0;0;0;1;0;0;1;1;1;0;0;0
784143418;0;1;0;0;0;0;0;0;1;1;1;0;0;0
784382409;0;1;0;0;0;0;0;0;1;1;0;0;0;1
785331076;0;0;0;0;0;0;0;0;1;1;1;0;0;0
785801366;1;1;0;1;1;1;1;1;1;1;1;1;0;1
786004130;0;0;0;0;0;0;0;0;0;0;1;0;0;0
786250729;0;0;0;0;1;0;1;0;1;1;1;0;0;0
786344683;1;0;0;0;0;1;1;0;1;1;0;0;0;0
786527921;1;0;0;0;1;1;1;1;1;1;1;1;0;0
786731884;1;0;1;0;1;0;1;1;1;1;1;0;0;0
786919720;0;1;0;0;0;1;0;1;1;1;0;0;0;1
787002327;0;1;1;0;1;1;1;1;1;1;1;0;0;0
787085939;0;0;0;0;0;1;1;0;1;1;1;0;0;0
787142429;1;0;0;0;0;0;0;0;1;0;0;1;0;0
787529309;1;0;0;0;1;1;0;0;1;1;0;1;0;0
787668628;1;0;0;1;1;1;1;1;1;1;0;1;0;0
787730392;0;0;0;0;0;0;1;0;1;1;1;0;0;1
787759779;0;0;0;0;0;0;0;0;1;1;0;0;0;0
787955075;0;0;0;0;0;1;1;1;1;1;0;0;0;0
787966255;0;1;0;0;0;0;0;1;1;1;1;0;0;0
788056108;1;1;1;1;1;1;1;0;1;1;0;0;0;1
788173482;0;0;0;0;0;1;1;1;1;1;0;0;0;1
788271400;0;0;0;0;0;0;1;0;1;1;1;0;0;1
788273361;0;0;0;0;0;0;0;0;1;0;0;1;0;0
788626289;0;0;0;0;0;0;0;0;1;0;0;1;0;0
788726416;0;0;0;0;0;0;0;1;1;1;1;0;0;0
788816478;1;0;0;0;1;1;0;0;1;1;0;0;0;0
788847916;0;1;0;0;0;1;1;0;1;1;1;0;0;0
788900262;0;1;0;1;1;1;1;1;1;1;0;0;0;0
789121265;0;0;0;0;0;1;1;0;1;1;1;0;0;1
789121798;0;1;0;0;1;1;1;0;1;1;0;1;0;1
789370909;1;0;0;0;1;1;1;1;1;1;1;1;0;0
789370998;0;0;0;0;0;1;1;0;1;1;0;0;0;0
789454337;0;0;0;0;1;1;0;1;1;1;1;0;0;1
789512681;0;1;0;0;0;0;0;0;1;1;1;1;0;0
789615291;0;0;0;0;1;1;1;1;1;1;1;1;0;0
789753303;0;0;0;0;0;0;0;0;1;1;1;0;0;0
790266787;0;1;0;0;1;1;0;0;1;1;1;1;0;1
790483991;0;1;0;0;1;1;1;1;1;1;0;0;0;0
790499380;0;0;0;0;0;0;0;1;1;1;0;0;0;0
790665855;1;1;1;0;0;1;0;0;1;1;0;0;0;0
790666929;0;0;0;0;0;0;0;0;1;1;0;0;0;0
790667730;0;0;0;0;1;0;1;1;1;1;0;0;0;0
790677230;1;1;0;0;1;1;1;1;1;1;1;1;0;0
790720480;0;0;0;0;0;1;1;1;1;1;0;0;0;1
790720714;1;0;0;0;1;1;1;0;1;1;0;0;0;0
790777028;0;0;0;0;0;0;1;0;1;0;0;0;0;0
793467906;0;0;0;1;0;0;1;1;1;1;1;0;0;0
793534424;0;0;0;0;0;0;1;0;1;1;0;0;0;0
793921939;0;0;0;1;0;1;0;1;1;0;1;1;0;0
794141509;1;1;0;1;0;1;1;1;1;1;1;1;0;0
794344513;0;0;0;0;0;0;1;0;1;1;0;1;0;0
795079843;0;1;0;0;0;0;0;0;1;0;0;0;0;0
795379208;1;1;0;0;0;0;0;0;1;1;0;0;0;0
795689901;0;0;0;0;0;0;1;1;1;0;0;0;0;0
795691173;0;1;0;0;0;0;0;1;0;0;0;0;0;0
795693029;0;1;0;1;0;0;1;1;1;0;0;0;0;0
795703371;0;1;0;1;0;0;1;1;1;1;0;0;0;0
798244842;0;1;0;1;1;0;0;1;1;1;1;1;0;0
832908730;0;0;0;0;0;0;1;1;1;1;0;0;0;0
832908905;0;0;0;0;0;0;0;1;1;1;1;1;0;0
832908978;0;0;0;1;0;0;0;0;1;1;1;1;1;0
832910505;0;0;0;0;0;0;1;0;1;1;1;1;0;0
832913316;0;0;0;1;0;1;0;1;0;0;0;0;0;0
832913653;0;0;0;0;0;0;0;1;1;1;1;1;0;0
832916492;0;0;0;0;0;1;0;0;1;0;1;0;0;0
832916508;0;0;0;0;1;0;0;0;0;0;1;1;0;1
832917532;0;1;0;0;0;0;0;1;0;0;0;0;1;0
832917778;0;0;0;0;0;0;0;0;0;0;1;0;0;0
999000124;1;0;0;0;0;0;1;0;0;0;0;0;0;0
999000125;0;0;0;0;0;1;1;0;0;0;0;0;0;0
999000133;0;0;0;0;0;1;1;0;1;0;1;0;0;0
999000135;0;1;0;0;1;1;1;0;1;0;1;0;0;0
999000136;0;0;0;0;0;0;1;1;1;1;1;0;1;0
999000142;0;0;0;0;1;0;1;0;1;1;0;0;0;0
999000145;0;1;0;0;0;0;0;0;1;0;1;0;0;0
999000147;1;0;0;0;0;1;0;1;1;0;0;0;1;0
999000149;0;1;0;0;0;0;1;0;1;0;1;0;0;0
999000154;0;0;0;0;1;0;0;0;1;0;0;0;0;0
999000155;0;0;1;0;1;0;0;0;1;0;0;0;1;0
999000158;0;1;1;1;0;0;1;0;1;0;1;0;0;0
999000159;0;1;0;0;0;0;1;0;1;1;0;0;0;0
999000184;0;1;0;0;0;1;1;1;1;1;1;0;0;1
999000312;0;1;0;0;1;1;1;0;1;1;1;0;0;0
999000565;0;1;0;0;0;0;0;0;1;0;0;0;0;0
999000599;1;0;0;0;0;1;0;0;1;0;0;0;1;0
999000675;0;0;0;0;0;1;0;0;1;0;1;1;0;0
999000849;0;0;0;0;0;0;0;0;1;0;1;0;0;0
999000851;0;0;0;0;0;0;0;0;1;0;0;0;0;0
999000858;0;0;0;0;0;1;0;1;1;0;1;0;1;0
999000870;0;0;0;0;0;0;0;0;0;0;1;0;0;0
999000874;0;1;0;0;0;0;0;0;1;1;0;0;0;0
999000878;0;0;0;0;0;0;0;0;1;0;0;0;0;0
999000880;0;0;0;0;0;0;0;1;1;0;0;0;0;0
999000894;0;1;0;0;0;0;0;1;1;0;0;0;0;0
999001032;1;1;0;0;0;1;1;0;1;1;1;0;1;0
999001033;0;1;0;0;0;1;1;0;1;1;1;0;0;0
999001188;0;0;0;0;0;0;1;0;1;1;0;1;1;0
999001211;0;0;0;0;0;0;1;1;1;1;0;0;0;0
999001226;0;0;0;0;0;1;1;1;1;0;0;0;1;0
999001241;0;0;0;0;0;0;0;1;1;0;1;0;0;0
999001256;0;0;0;0;0;1;0;0;1;1;0;0;1;1
999001259;0;0;0;0;0;1;0;1;1;0;1;0;0;0
999001280;0;0;0;0;1;1;1;1;1;1;1;0;0;1
999001287;1;0;0;0;0;1;0;1;1;0;0;0;0;0
999001290;0;0;0;0;0;0;1;1;1;1;1;0;0;1
999001293;0;1;0;0;0;1;0;1;1;0;1;0;1;0
999001296;1;0;0;0;0;1;1;1;1;1;0;0;0;1
999001297;0;0;0;0;0;0;0;0;1;0;1;0;0;0
999001299;1;0;0;0;0;1;1;1;1;1;1;0;0;0
999001323;0;0;0;0;0;0;0;1;1;1;0;0;0;0
999001419;0;0;0;1;0;0;1;1;1;1;0;0;0;0
999001619;1;0;0;0;1;1;1;0;1;1;1;0;0;0
999001621;0;1;1;0;1;1;1;0;1;1;1;0;0;1
999001970;0;0;0;0;0;0;1;0;1;1;0;1;0;0
